Date,Rate
14/06/2024,200.27
13/06/2024,201.91
12/06/2024,202.42
11/06/2024,200.41
10/06/2024,200.32
7/06/2024,199.11
6/06/2024,201.79
5/06/2024,200.91
4/06/2024,200.68
3/06/2024,201.84
31/05/2024,200.76
30/05/2024,200.22
29/05/2024,199.2
28/05/2024,200.57
27/05/2024,199.8
24/05/2024,198.68
23/05/2024,198.08
22/05/2024,198.47
21/05/2024,199.79
20/05/2024,199.71
17/05/2024,200.29
16/05/2024,200.71
15/05/2024,202.1
14/05/2024,199.02
13/05/2024,198.46
10/05/2024,197.04
9/05/2024,197.64
8/05/2024,196.47
7/05/2024,197.48
6/05/2024,197.4
3/05/2024,196.26
2/05/2024,194.91
1/05/2024,193.84
30/04/2024,192.35
29/04/2024,194.68
26/04/2024,193.28
25/04/2024,193.43
24/04/2024,193.45
23/04/2024,194.77
22/04/2024,193.66
19/04/2024,193.15
18/04/2024,193.24
17/04/2024,193.66
16/04/2024,191.87
15/04/2024,192.52
12/04/2024,192.77
11/04/2024,195.03
10/04/2024,194.32
9/04/2024,197.85
8/04/2024,197.3
5/04/2024,196.81
4/04/2024,197.38
3/04/2024,196.73
2/04/2024,195.41
1/04/2024,194.64
29/03/2024,195.83
28/03/2024,195.65
27/03/2024,196.51
26/03/2024,197.14
25/03/2024,197.87
22/03/2024,197.5
21/03/2024,199.6
20/03/2024,200.22
19/03/2024,198.38
18/03/2024,199.66
15/03/2024,200.18
14/03/2024,201.02
13/03/2024,202.54
12/03/2024,202.38
11/03/2024,202.95
8/03/2024,203.62
7/03/2024,203.37
6/03/2024,201.88
5/03/2024,200.23
4/03/2024,200.35
1/03/2024,201.37
29/02/2024,201.02
28/02/2024,201.38
27/02/2024,203
26/02/2024,203.2
23/02/2024,203.79
22/02/2024,203.6
21/02/2024,203.9
20/02/2024,204.17
19/02/2024,204.02
16/02/2024,203.9
15/02/2024,204.01
14/02/2024,203.2
13/02/2024,201.95
12/02/2024,204.52
9/02/2024,203.91
8/02/2024,203.01
7/02/2024,203.85
6/02/2024,204.5
5/02/2024,202.5
2/02/2024,202.85
1/02/2024,205.8
31/01/2024,207.26
30/01/2024,209.12
29/01/2024,209.93
26/01/2024,208.73
25/01/2024,209.28
24/01/2024,209.12
23/01/2024,210.3
22/01/2024,210.11
19/01/2024,211.17
18/01/2024,210.57
17/01/2024,210.12
16/01/2024,211.58
15/01/2024,214.45
12/01/2024,215.26
11/01/2024,215.66
10/01/2024,216.18
9/01/2024,215.59
8/01/2024,216.49
5/01/2024,216.49
4/01/2024,216.24
3/01/2024,217.04
2/01/2024,217.33
1/01/2024,219.82
29/12/2023,220.51
28/12/2023,221.12
27/12/2023,221.61
26/12/2023,221.99
25/12/2023,221.07
22/12/2023,221.17
21/12/2023,221.82
20/12/2023,219.87
19/12/2023,220.92
18/12/2023,219.09
15/12/2023,218.86
14/12/2023,218.59
13/12/2023,217.38
12/12/2023,214.28
11/12/2023,214.54
8/12/2023,214.9
7/12/2023,215.52
6/12/2023,213.96
5/12/2023,214.77
4/12/2023,217
1/12/2023,218.74
30/11/2023,216.45
29/11/2023,217.2
28/11/2023,218.72
27/11/2023,217.17
24/11/2023,216.02
23/11/2023,215.23
22/11/2023,214.71
21/11/2023,215.17
20/11/2023,214.87
17/11/2023,213.14
16/11/2023,212.05
15/11/2023,213.79
14/11/2023,213.14
13/11/2023,208.18
10/11/2023,207.94
9/11/2023,208.14
8/11/2023,210.11
7/11/2023,210.75
6/11/2023,211.83
3/11/2023,213.92
2/11/2023,211.52
1/11/2023,209.34
31/10/2023,207.5
30/10/2023,208.43
27/10/2023,207.31
26/10/2023,206.38
25/10/2023,205.8
24/10/2023,207.81
23/10/2023,206.46
20/10/2023,205.46
19/10/2023,205.34
18/10/2023,205.6
17/10/2023,206.16
16/10/2023,205.42
13/10/2023,203.36
12/10/2023,204.1
11/10/2023,207.52
10/10/2023,208.04
9/10/2023,207.36
6/10/2023,206.65
5/10/2023,206.32
4/10/2023,204.39
3/10/2023,203.84
2/10/2023,206.19
29/09/2023,208.3
28/09/2023,207.95
27/09/2023,205.65
26/09/2023,206.91
25/09/2023,208.1
22/09/2023,208.69
21/09/2023,207.59
20/09/2023,208.82
19/09/2023,209.11
18/09/2023,208.62
15/09/2023,207.59
14/09/2023,207.98
13/09/2023,206.76
12/09/2023,206.98
11/09/2023,206.43
8/09/2023,204.64
7/09/2023,205.31
6/09/2023,204.86
5/09/2023,204.8
4/09/2023,206.66
1/09/2023,205.43
31/08/2023,206.48
30/08/2023,207.56
29/08/2023,207.62
28/08/2023,208.14
25/08/2023,206.72
24/08/2023,207.21
23/08/2023,209.18
22/08/2023,207.72
21/08/2023,207.11
18/08/2023,206.82
17/08/2023,205.86
16/08/2023,206.21
15/08/2023,206.53
14/08/2023,208.2
11/08/2023,207.29
10/08/2023,207.76
9/08/2023,208.51
8/08/2023,209.05
7/08/2023,211.62
4/08/2023,210.21
3/08/2023,207.04
2/08/2023,204.61
1/08/2023,209.57
31/07/2023,212.87
28/07/2023,218.09
27/07/2023,219.99
26/07/2023,221.6
25/07/2023,224.04
24/07/2023,221.71
21/07/2023,219.64
20/07/2023,219.64
19/07/2023,218.8
18/07/2023,219.41
17/07/2023,218.76
14/07/2023,217.42
13/07/2023,218.32
12/07/2023,213.11
11/07/2023,209.27
10/07/2023,206.93
7/07/2023,206.69
6/07/2023,204.71
5/07/2023,203.61
4/07/2023,204.74
3/07/2023,205.13
30/06/2023,204.98
29/06/2023,203.38
28/06/2023,202.89
27/06/2023,205.87
26/06/2023,205.1
23/06/2023,205.32
22/06/2023,206.7
21/06/2023,207.96
20/06/2023,207.56
19/06/2023,209.58
16/06/2023,211.35
15/06/2023,210.71
14/06/2023,214.06
13/06/2023,206.98
12/06/2023,202.85
9/06/2023,199.14
8/06/2023,197.42
7/06/2023,193.51
6/06/2023,194.43
5/06/2023,191.84
2/06/2023,191.72
1/06/2023,192.83
31/05/2023,188.5
30/05/2023,191.6
29/05/2023,193.49
26/05/2023,193.55
25/05/2023,196.48
24/05/2023,198.25
23/05/2023,201.24
22/05/2023,202.92
19/05/2023,203.82
18/05/2023,202.48
17/05/2023,203.1
16/05/2023,205.64
15/05/2023,209.65
12/05/2023,207.35
11/05/2023,209.74
10/05/2023,214.12
9/05/2023,214.29
8/05/2023,215.67
5/05/2023,215.36
4/05/2023,213.51
3/05/2023,213.07
2/05/2023,213.25
1/05/2023,212.16
28/04/2023,211.62
27/04/2023,212.16
26/04/2023,211.14
25/04/2023,212.99
24/04/2023,214.3
21/04/2023,212.74
20/04/2023,214.33
19/04/2023,213.78
18/04/2023,213.76
17/04/2023,213.73
14/04/2023,213.99
13/04/2023,216.25
12/04/2023,213.35
11/04/2023,212.23
10/04/2023,211.06
7/04/2023,213.38
6/04/2023,213.47
5/04/2023,216.74
4/04/2023,217.77
3/04/2023,219.16
31/03/2023,216.59
30/03/2023,217.98
29/03/2023,217.2
28/03/2023,217.72
27/03/2023,214.46
24/03/2023,212.64
23/03/2023,212.52
22/03/2023,213.52
21/03/2023,213.38
20/03/2023,228.45
17/03/2023,224.95
16/03/2023,225.99
15/03/2023,223.29
14/03/2023,223.81
13/03/2023,218.51
10/03/2023,210.5
9/03/2023,212.53
8/03/2023,212.45
7/03/2023,212.3
6/03/2023,228.42
3/03/2023,229.81
2/03/2023,232.86
1/03/2023,242.04
28/02/2023,243.59
27/02/2023,244.48
24/02/2023,245.5
23/02/2023,248.49
22/02/2023,248.35
21/02/2023,250.17
20/02/2023,249.98
17/02/2023,251.46
16/02/2023,251.07
15/02/2023,251.98
14/02/2023,254.99
13/02/2023,254.26
10/02/2023,252.51
9/02/2023,253.51
8/02/2023,253.09
7/02/2023,254.35
6/02/2023,251.37
3/02/2023,252.65
2/02/2023,259.02
1/02/2023,261.2
31/01/2023,257.47
30/01/2023,258.4
27/01/2023,257.13
26/01/2023,257.53
25/01/2023,257.09
24/01/2023,255.07
23/01/2023,254.38
20/01/2023,254.99
19/01/2023,253.6
18/01/2023,251.26
17/01/2023,255.03
16/01/2023,254.52
13/01/2023,255.36
12/01/2023,256.07
11/01/2023,252.92
10/01/2023,253.13
9/01/2023,254.02
6/01/2023,249.56
5/01/2023,244.99
4/01/2023,248
3/01/2023,244.19
2/01/2023,246.91
30/12/2022,250.41
29/12/2022,246.04
28/12/2022,244.55
27/12/2022,244.26
26/12/2022,244.15
23/12/2022,243.83
22/12/2022,241.98
21/12/2022,243.43
20/12/2022,242.38
19/12/2022,244.55
16/12/2022,245.67
15/12/2022,246.3
14/12/2022,249.13
13/12/2022,251.88
12/12/2022,247.92
9/12/2022,249.75
8/12/2022,248.76
7/12/2022,247.11
6/12/2022,245.97
5/12/2022,246.13
2/12/2022,250.21
1/12/2022,251.02
30/11/2022,250.1
29/11/2022,245.79
28/11/2022,245.07
25/11/2022,248.1
24/11/2022,249.25
23/11/2022,244.34
22/11/2022,244.35
21/11/2022,242.77
18/11/2022,245.2
17/11/2022,245.56
16/11/2022,247.73
15/11/2022,248.32
14/11/2022,243.07
11/11/2022,246.34
10/11/2022,243.87
9/11/2022,236.34
8/11/2022,237.36
7/11/2022,234.5
4/11/2022,234.07
3/11/2022,231.08
2/11/2022,233.1
1/11/2022,234.73
31/10/2022,232.21
28/10/2022,232.72
27/10/2022,234.1
26/10/2022,235.84
25/10/2022,232.1
24/10/2022,231.69
21/10/2022,234.07
20/10/2022,230.48
19/10/2022,230.15
18/10/2022,231.61
17/10/2022,230.9
14/10/2022,224.91
13/10/2022,229.91
12/10/2022,230.05
11/10/2022,229.52
10/10/2022,230.72
7/10/2022,233.11
6/10/2022,234.53
5/10/2022,237.42
4/10/2022,237.99
3/10/2022,233.12
30/09/2022,234.07
29/09/2022,236.6
28/09/2022,237.44
27/09/2022,234.22
26/09/2022,235.01
23/09/2022,237.62
22/09/2022,237.82
21/09/2022,242.07
20/09/2022,243.15
19/09/2022,244.84
16/09/2022,245.57
15/09/2022,242.61
14/09/2022,246.59
13/09/2022,245.33
12/09/2022,247.98
9/09/2022,246.31
8/09/2022,245.74
7/09/2022,243.68
6/09/2022,242.5
5/09/2022,244.66
2/09/2022,245.23
1/09/2022,242.88
31/08/2022,244.75
30/08/2022,246.67
29/08/2022,248.54
26/08/2022,245.97
25/08/2022,249.19
24/08/2022,246.62
23/08/2022,249.52
22/08/2022,245.44
19/08/2022,247.46
18/08/2022,249.08
17/08/2022,249.59
16/08/2022,252.85
15/08/2022,252.83
12/08/2022,256.39
11/08/2022,257.93
10/08/2022,256.97
9/08/2022,248.62
8/08/2022,255.1
5/08/2022,246.65
4/08/2022,248.76
3/08/2022,247.94
2/08/2022,247.58
1/08/2022,254.97
29/07/2022,249.37
28/07/2022,252.79
27/07/2022,249.54
26/07/2022,247.69
25/07/2022,248.92
22/07/2022,249.34
21/07/2022,248
20/07/2022,247.96
19/07/2022,248.36
18/07/2022,245.26
15/07/2022,244.59
14/07/2022,246.64
13/07/2022,241.79
12/07/2022,242.27
11/07/2022,242.39
8/07/2022,250.15
7/07/2022,246.17
6/07/2022,246.65
5/07/2022,244.76
4/07/2022,249.89
1/07/2022,242.58
30/06/2022,245.68
29/06/2022,244.96
28/06/2022,245.85
27/06/2022,247.15
24/06/2022,248.04
23/06/2022,245.94
22/06/2022,249.37
21/06/2022,249.45
20/06/2022,248.04
17/06/2022,251.08
16/06/2022,255.1
15/06/2022,252.11
14/06/2022,246.83
13/06/2022,249.21
10/06/2022,253.87
9/06/2022,255.53
8/06/2022,256.75
7/06/2022,258
6/06/2022,260.2
3/06/2022,256.53
2/06/2022,261.21
1/06/2022,257.98
31/05/2022,258.3
30/05/2022,260.56
27/05/2022,259.23
26/05/2022,257.16
25/05/2022,256.8
24/05/2022,255.39
23/05/2022,255.46
20/05/2022,253.05
19/05/2022,253.7
18/05/2022,250.42
17/05/2022,253.08
16/05/2022,250.46
13/05/2022,249.84
12/05/2022,253.71
11/05/2022,253.24
10/05/2022,253.21
9/05/2022,253.89
6/05/2022,254.81
5/05/2022,263.14
4/05/2022,256.02
3/05/2022,251.37
2/05/2022,249.72
29/04/2022,250.77
28/04/2022,248.33
27/04/2022,253
26/04/2022,243.96
25/04/2022,240.45
22/04/2022,242.51
21/04/2022,247.03
20/04/2022,249.53
19/04/2022,246.93
18/04/2022,240.67
15/04/2022,238.43
14/04/2022,239.09
13/04/2022,240.12
12/04/2022,240.59
11/04/2022,239.2
8/04/2022,234.86
7/04/2022,235.62
6/04/2022,229.18
5/04/2022,225.4
4/04/2022,224.31
1/04/2022,220.88
31/03/2022,219.94
30/03/2022,222.3
29/03/2022,220.51
28/03/2022,217.18
25/03/2022,219.76
24/03/2022,216
23/03/2022,211.86
22/03/2022,212.84
21/03/2022,207.23
18/03/2022,205.74
17/03/2022,195.09
16/03/2022,193.19
15/03/2022,196.1
14/03/2022,183.29
11/03/2022,185.92
10/03/2022,187.52
9/03/2022,166.49
8/03/2022,165.34
7/03/2022,147.73
4/03/2022,148.53
3/03/2022,148.05
2/03/2022,147.19
1/03/2022,146.3
28/02/2022,145.91
25/02/2022,146.09
24/02/2022,144.21
23/02/2022,146.11
22/02/2022,146.18
21/02/2022,145.15
18/02/2022,144.9
17/02/2022,144.68
16/02/2022,145.48
15/02/2022,144.08
14/02/2022,143.78
11/02/2022,144.13
10/02/2022,144.73
9/02/2022,144.92
8/02/2022,143.27
7/02/2022,143.66
4/02/2022,143.26
3/02/2022,144.21
2/02/2022,144.03
1/02/2022,143.43
31/01/2022,142.13
28/01/2022,140.42
27/01/2022,141.32
26/01/2022,143.64
25/01/2022,144.39
24/01/2022,144.18
21/01/2022,145.1
20/01/2022,145.83
19/01/2022,146.04
18/01/2022,144.76
17/01/2022,146.05
14/01/2022,146.1
13/01/2022,147.62
12/01/2022,147.68
11/01/2022,146.16
10/01/2022,145.33
7/01/2022,145.53
6/01/2022,143.92
5/01/2022,145.1
4/01/2022,146.75
3/01/2022,145.8
31/12/2021,147.2
30/12/2021,146.99
29/12/2021,146.85
28/12/2021,146.55
27/12/2021,146.55
24/12/2021,145.9
23/12/2021,146.25
22/12/2021,145.7
21/12/2021,144.51
20/12/2021,143.6
17/12/2021,143.19
16/12/2021,144.38
15/12/2021,144.06
14/12/2021,143.46
13/12/2021,143.29
10/12/2021,144.85
9/12/2021,144.41
8/12/2021,145.39
7/12/2021,144.14
6/12/2021,142.74
3/12/2021,140.72
2/12/2021,143.28
1/12/2021,142.79
30/11/2021,144.24
29/11/2021,144.59
26/11/2021,143.88
25/11/2021,145.24
24/11/2021,145.7
23/11/2021,146.35
22/11/2021,146.27
19/11/2021,145.4
18/11/2021,146.23
17/11/2021,146.03
16/11/2021,146.77
15/11/2021,147.65
12/11/2021,147.37
11/11/2021,146.55
10/11/2021,147.25
9/11/2021,148.66
8/11/2021,149.55
5/11/2021,149.15
4/11/2021,149.1
3/11/2021,150.04
2/11/2021,149.3
1/11/2021,151.23
29/10/2021,150.42
28/10/2021,151.63
27/10/2021,151.03
26/10/2021,151.85
25/10/2021,150.96
22/10/2021,150.42
21/10/2021,149.32
20/10/2021,150.3
19/10/2021,149.4
18/10/2021,148.2
15/10/2021,149.2
14/10/2021,149.04
13/10/2021,148.3
12/10/2021,146.98
11/10/2021,148.14
8/10/2021,145.39
7/10/2021,145.51
6/10/2021,145.08
5/10/2021,145.46
4/10/2021,144.89
1/10/2021,144.39
30/09/2021,143.8
29/09/2021,142.78
28/09/2021,144
27/09/2021,144.97
24/09/2021,144.47
23/09/2021,145.54
22/09/2021,144.18
21/09/2021,143.9
20/09/2021,144.27
17/09/2021,144.57
16/09/2021,145.05
15/09/2021,145.95
14/09/2021,145.63
13/09/2021,146.58
10/09/2021,147.1
9/09/2021,146.95
8/09/2021,146.54
7/09/2021,148.11
6/09/2021,148.78
3/09/2021,149.16
2/09/2021,147.24
1/09/2021,146.54
31/08/2021,145.57
30/08/2021,145.51
27/08/2021,146.22
26/08/2021,144.68
25/08/2021,144.77
24/08/2021,144.41
23/08/2021,143.8
20/08/2021,141.97
19/08/2021,142.21
18/08/2021,143.9
17/08/2021,144.29
16/08/2021,146.01
13/08/2021,147.01
12/08/2021,145.95
11/08/2021,146.7
10/08/2021,146.26
9/08/2021,145.93
6/08/2021,146.32
5/08/2021,147.34
4/08/2021,146.84
3/08/2021,147.14
2/08/2021,146.46
30/07/2021,146.15
29/07/2021,147.16
28/07/2021,146.41
27/07/2021,146.1
26/07/2021,146.86
23/07/2021,146.58
22/07/2021,146.82
21/07/2021,146.42
20/07/2021,145.85
19/07/2021,146.47
16/07/2021,147.3
15/07/2021,147.43
14/07/2021,148.48
13/07/2021,148.21
12/07/2021,148.75
9/07/2021,148.73
8/07/2021,147.45
7/07/2021,148.5
6/07/2021,148.8
5/07/2021,149.45
2/07/2021,149.75
1/07/2021,148.65
30/06/2021,149.21
29/06/2021,149.47
28/06/2021,150.21
25/06/2021,150.58
24/06/2021,150.5
23/06/2021,150.36
22/06/2021,149.55
21/06/2021,149.19
18/06/2021,148.04
17/06/2021,148.74
16/06/2021,150.3
15/06/2021,151.4
14/06/2021,151.91
11/06/2021,151.81
10/06/2021,153.1
9/06/2021,152.65
8/06/2021,152.48
7/06/2021,152.35
4/06/2021,152.42
3/06/2021,150.86
2/06/2021,152.71
1/06/2021,152.37
31/05/2021,152.32
28/05/2021,151.95
27/05/2021,152.88
26/05/2021,152.85
25/05/2021,153.04
24/05/2021,151.94
21/05/2021,151.55
20/05/2021,152.39
19/05/2021,151.43
18/05/2021,152.7
17/05/2021,152.15
14/05/2021,152.33
13/05/2021,151.49
12/05/2021,151.02
11/05/2021,153.27
10/05/2021,153.47
7/05/2021,153.7
6/05/2021,152.47
5/05/2021,151.84
4/05/2021,151.02
3/05/2021,152.12
30/04/2021,152.01
29/04/2021,152.21
28/04/2021,151.09
27/04/2021,150.62
26/04/2021,151.71
23/04/2021,150.67
22/04/2021,148.76
21/04/2021,148.06
20/04/2021,146.76
19/04/2021,147.38
16/04/2021,148.47
15/04/2021,155
14/04/2021,155.17
13/04/2021,153.54
12/04/2021,153.2
9/04/2021,152.99
8/04/2021,153.42
7/04/2021,152.28
6/04/2021,152.86
5/04/2021,152.21
2/04/2021,151.36
1/04/2021,151.58
31/03/2021,150.78
30/03/2021,150.74
29/03/2021,151.46
26/03/2021,151.55
25/03/2021,150.06
24/03/2021,150.5
23/03/2021,150.92
22/03/2021,152.94
19/03/2021,152.52
18/03/2021,152.79
17/03/2021,155.49
16/03/2021,153.35
15/03/2021,153.14
12/03/2021,152.19
11/03/2021,152.63
10/03/2021,151.59
9/03/2021,151.14
8/03/2021,149.54
5/03/2021,150.26
4/03/2021,150.64
3/03/2021,151.61
2/03/2021,152.47
1/03/2021,150.72
26/02/2021,149.48
25/02/2021,152.72
24/02/2021,154.16
23/02/2021,152.66
22/02/2021,152.76
19/02/2021,153.45
18/02/2021,152.43
17/02/2021,151.49
16/02/2021,151.24
15/02/2021,150.91
12/02/2021,150.02
11/02/2021,149.98
10/02/2021,151.72
9/02/2021,150.89
8/02/2021,149.76
5/02/2021,148.17
4/02/2021,146.66
3/02/2021,147.01
2/02/2021,147.18
1/02/2021,147.43
29/01/2021,145.58
28/01/2021,147.63
27/01/2021,147.28
26/01/2021,150.99
25/01/2021,151.85
22/01/2021,152.01
21/01/2021,151.77
20/01/2021,151.05
19/01/2021,147.74
18/01/2021,147.44
15/01/2021,148.26
14/01/2021,148.93
13/01/2021,148.07
12/01/2021,146.85
11/01/2021,144.74
8/01/2021,145.09
7/01/2021,145.26
6/01/2021,146.27
5/01/2021,145.44
4/01/2021,142.53
1/01/2021,143.29
31/12/2020,142.34
30/12/2020,142.15
29/12/2020,142.59
28/12/2020,142.09
25/12/2020,144.08
24/12/2020,143.89
23/12/2020,143.87
22/12/2020,142.15
21/12/2020,142.29
18/12/2020,142.95
17/12/2020,142.36
16/12/2020,141.6
15/12/2020,141.09
14/12/2020,140.87
11/12/2020,140.41
10/12/2020,139.96
9/12/2020,138.18
8/12/2020,137.92
7/12/2020,138.24
4/12/2020,137.66
3/12/2020,138.18
2/12/2020,137.55
1/12/2020,136.99
30/11/2020,136.25
27/11/2020,136.75
26/11/2020,136.12
25/11/2020,136.66
24/11/2020,136.45
23/11/2020,134.92
20/11/2020,135.09
19/11/2020,134.74
18/11/2020,134.89
17/11/2020,135.09
16/11/2020,135.31
13/11/2020,134.17
12/11/2020,133.45
11/11/2020,134.32
10/11/2020,134.39
9/11/2020,134.32
6/11/2020,133.82
5/11/2020,134.3
4/11/2020,132.2
3/11/2020,131.96
2/11/2020,130.11
30/10/2020,129.45
29/10/2020,129.49
28/10/2020,129.82
27/10/2020,131.37
26/10/2020,131.26
23/10/2020,131.5
22/10/2020,131.2
21/10/2020,131.11
20/10/2020,130.02
19/10/2020,130.28
16/10/2020,130.41
15/10/2020,130.85
14/10/2020,132.25
13/10/2020,131.99
12/10/2020,132.75
9/10/2020,133.34
8/10/2020,131.96
7/10/2020,131.63
6/10/2020,131.1
5/10/2020,132.56
2/10/2020,132.09
1/10/2020,132.81
30/09/2020,132.43
29/09/2020,131.92
28/09/2020,131.93
25/09/2020,130.14
24/09/2020,130.4
23/09/2020,130.73
22/09/2020,132.84
21/09/2020,133.96
18/09/2020,135.18
17/09/2020,135.27
16/09/2020,135.07
15/09/2020,134.56
14/09/2020,134.23
11/09/2020,134.34
10/09/2020,134.02
9/09/2020,134.24
8/09/2020,132.9
7/09/2020,134.35
4/09/2020,134.74
3/09/2020,134.75
2/09/2020,135.88
1/09/2020,136.95
31/08/2020,137.03
28/08/2020,137.23
27/08/2020,134.93
26/08/2020,134.64
25/08/2020,134.1
24/08/2020,132.41
21/08/2020,132.12
20/08/2020,132.57
19/08/2020,133.64
18/08/2020,133.54
17/08/2020,132.45
14/08/2020,131.59
13/08/2020,130.66
12/08/2020,130.99
11/08/2020,131.38
10/08/2020,132.04
7/08/2020,132.55
6/08/2020,134.1
5/08/2020,133.36
4/08/2020,132.82
3/08/2020,132.17
31/07/2020,132.52
30/07/2020,133.5
29/07/2020,133.44
28/07/2020,132.94
27/07/2020,132.76
24/07/2020,131.94
23/07/2020,131.83
22/07/2020,132.59
21/07/2020,132.35
20/07/2020,130.27
17/07/2020,129.9
16/07/2020,129.41
15/07/2020,130.19
14/07/2020,129.58
13/07/2020,128.98
10/07/2020,129.06
9/07/2020,129.34
8/07/2020,129.69
7/07/2020,129.09
6/07/2020,129.52
3/07/2020,128.89
2/07/2020,128.78
1/07/2020,128.68
30/06/2020,128.48
29/06/2020,127.74
26/06/2020,127.67
25/06/2020,128.3
24/06/2020,128.12
23/06/2020,129.23
22/06/2020,128.78
19/06/2020,127.45
18/06/2020,127.81
17/06/2020,128.3
16/06/2020,128.17
15/06/2020,128.61
12/06/2020,127.08
11/06/2020,126.87
10/06/2020,129.58
9/06/2020,128.74
8/06/2020,129.89
5/06/2020,129.19
4/06/2020,128.71
3/06/2020,128.52
2/06/2020,128.09
1/06/2020,126.42
29/05/2020,124.12
28/05/2020,123.63
27/05/2020,123.26
26/05/2020,123.71
25/05/2020,121.39
22/05/2020,121.22
21/05/2020,122.42
20/05/2020,123.36
19/05/2020,122.49
18/05/2020,122.22
15/05/2020,120.46
14/05/2020,121.14
13/05/2020,121.33
12/05/2020,121.62
11/05/2020,121.97
8/05/2020,121.44
7/05/2020,120.73
6/05/2020,119.04
5/05/2020,121.21
4/05/2020,121.45
1/05/2020,121.92
30/04/2020,123.69
29/04/2020,125.53
28/04/2020,124.28
27/04/2020,124.11
24/04/2020,122.59
23/04/2020,122.6
22/04/2020,122.03
21/04/2020,120.58
20/04/2020,121.63
17/04/2020,121.81
16/04/2020,121.18
15/04/2020,120.67
14/04/2020,122.68
13/04/2020,121.52
10/04/2020,120.89
9/04/2020,120.72
8/04/2020,120.24
7/04/2020,119.04
6/04/2020,117.46
3/04/2020,113.9
2/04/2020,114.51
1/04/2020,114.72
31/03/2020,115.95
30/03/2020,115.96
27/03/2020,115.9
26/03/2020,113.4
25/03/2020,111.42
24/03/2020,111.4
23/03/2020,108.96
20/03/2020,108.42
19/03/2020,106.9
18/03/2020,107.14
17/03/2020,110.84
16/03/2020,112.71
13/03/2020,113.9
12/03/2020,114.06
11/03/2020,118.33
10/03/2020,118.65
9/03/2020,119.77
6/03/2020,120.95
5/03/2020,120.24
4/03/2020,120.56
3/03/2020,119.79
2/03/2020,119.07
28/02/2020,118.37
27/02/2020,119.37
26/02/2020,118.82
25/02/2020,119.95
24/02/2020,119.96
21/02/2020,120.31
20/02/2020,120.1
19/02/2020,121.42
18/02/2020,121.32
17/02/2020,121.84
14/02/2020,121.74
13/02/2020,121.86
12/02/2020,122.18
11/02/2020,121.77
10/02/2020,121.25
7/02/2020,121
6/02/2020,122.01
5/02/2020,122.29
4/02/2020,122.23
3/02/2020,121.38
31/01/2020,121.34
30/01/2020,121.88
29/01/2020,122.5
28/01/2020,122.7
27/01/2020,122.63
24/01/2020,123.93
23/01/2020,124.22
22/01/2020,124.12
21/01/2020,124.12
20/01/2020,124.56
17/01/2020,124.49
16/01/2020,124.96
15/01/2020,125.17
14/01/2020,125.13
13/01/2020,125.25
10/01/2020,125.11
9/01/2020,124.34
8/01/2020,124.58
7/01/2020,124.41
6/01/2020,125.74
3/01/2020,125.86
2/01/2020,126.76
1/01/2020,127.08
31/12/2019,127.29
30/12/2019,127.01
27/12/2019,126.53
26/12/2019,125.91
25/12/2019,125.44
24/12/2019,125.46
23/12/2019,125.44
20/12/2019,124.85
19/12/2019,124.88
18/12/2019,124.09
17/12/2019,124.05
16/12/2019,124.67
13/12/2019,124.44
12/12/2019,124.9
11/12/2019,124.45
10/12/2019,123.28
9/12/2019,123.55
6/12/2019,123.84
5/12/2019,123.95
4/12/2019,124.04
3/12/2019,124.25
2/12/2019,123.56
29/11/2019,122.33
28/11/2019,122.23
27/11/2019,122.49
26/11/2019,123.18
25/11/2019,122.56
22/11/2019,122.15
21/11/2019,121.84
20/11/2019,121.89
19/11/2019,122.34
18/11/2019,122.17
15/11/2019,122.81
14/11/2019,122.35
13/11/2019,123.2
12/11/2019,123.46
11/11/2019,123.64
8/11/2019,123.81
7/11/2019,124.63
6/11/2019,124.22
5/11/2019,124.21
4/11/2019,124.2
1/11/2019,125.19
31/10/2019,124.8
30/10/2019,125.27
29/10/2019,124.55
28/10/2019,124.01
25/10/2019,123.61
24/10/2019,123.46
23/10/2019,124.25
22/10/2019,124.45
21/10/2019,124.75
18/10/2019,124.69
17/10/2019,124.11
16/10/2019,122.89
15/10/2019,122.65
14/10/2019,122.54
11/10/2019,122.61
10/10/2019,122.04
9/10/2019,121.32
8/10/2019,121.31
7/10/2019,121.66
4/10/2019,122.74
3/10/2019,122.21
2/10/2019,121.79
1/10/2019,122.11
30/09/2019,122.78
27/09/2019,122.99
26/09/2019,122.58
25/09/2019,122.51
24/09/2019,123.13
23/09/2019,122.86
20/09/2019,122.57
19/09/2019,122.83
18/09/2019,123.33
17/09/2019,123.93
16/09/2019,123.79
13/09/2019,123.96
12/09/2019,123.76
11/09/2019,123.67
10/09/2019,123.67
9/09/2019,123.77
6/09/2019,123.78
5/09/2019,123.08
4/09/2019,122.63
3/09/2019,121.76
2/09/2019,120.63
30/08/2019,120.71
29/08/2019,121.2
28/08/2019,121.33
27/08/2019,121.28
26/08/2019,121.59
23/08/2019,121.44
22/08/2019,121.2
21/08/2019,121.19
20/08/2019,120.54
19/08/2019,119.89
16/08/2019,120.07
15/08/2019,119.99
14/08/2019,119.32
13/08/2019,120.26
12/08/2019,119.34
9/08/2019,119.91
8/08/2019,120.22
7/08/2019,119.77
6/08/2019,119.89
5/08/2019,119.45
2/08/2019,120.07
1/08/2019,119.93
31/07/2019,120.66
30/07/2019,121.03
29/07/2019,121.53
26/07/2019,121.65
25/07/2019,122.41
24/07/2019,122.85
23/07/2019,123.27
22/07/2019,123.62
19/07/2019,123.76
18/07/2019,124.27
17/07/2019,123.08
16/07/2019,123.13
15/07/2019,123.61
12/07/2019,123.08
11/07/2019,122.25
10/07/2019,121.96
9/07/2019,121.64
8/07/2019,122.74
5/07/2019,122.86
4/07/2019,123.53
3/07/2019,123.66
2/07/2019,123.27
1/07/2019,122.72
28/06/2019,123.83
27/06/2019,123.69
26/06/2019,123.25
25/06/2019,122.72
24/06/2019,122.79
21/06/2019,122.23
20/06/2019,122.28
19/06/2019,121.48
18/06/2019,121.5
17/06/2019,121.07
14/06/2019,121.32
13/06/2019,122.01
12/06/2019,122.18
11/06/2019,122.71
10/06/2019,122.74
7/06/2019,123.34
6/06/2019,123.04
5/06/2019,122.9
4/06/2019,123.27
3/06/2019,123.06
